film,sort_type,review,sentiment,clean_text
Blue Ruin,lowest,"Another decently highly rated film on letterboxd that I just didn't enjoy. Maybe one star is a little harsh from me because the cinematography and acting were both really good but it was a poorly executed revenge story that I just couldn't give a shit about.This was the same director as Green Room which I enjoyed, so I was expecting this to be really good but it was the complete opposite. The pacing, writing, story and directing were very mediocre and I wouldn't recommend.26/100 üì±",negative,another decently highly rated film on letterboxd that i just didnt enjoy maybe one star is a little harsh from me because the cinematography and acting were both really good but it was a poorly executed revenge story that i just couldnt give a shit aboutthis was the same director as green room which i enjoyed so i was expecting this to be really good but it was the complete opposite the pacing writing story and directing were very mediocre and i wouldnt recommend
Blue Ruin,lowest,boring and dumb with awhole lotta nothing,negative,boring and dumb with awhole lotta nothing
Blue Ruin,lowest,did not pay attention and did not understand the plot,negative,did not pay attention and did not understand the plot
Blue Ruin,lowest,"Absolutely terrible.The main character tries to teach humility to some peasantry, but they react without gratitude.So he has to keep teaching them.Eventually, instead of thanking him for educating them, they threaten to kill his sister, the spittle literally erupting from their mouths.So of course he needs to continue the lesson, until they internalise it.Then the director just decides to kill the main character after he's been taking out the trash. Why?Waste of time.",negative,absolutely terriblethe main character tries to teach humility to some peasantry but they react without gratitudeso he has to keep teaching themeventually instead of thanking him for educating them they threaten to kill his sister the spittle literally erupting from their mouthsso of course he needs to continue the lesson until they internalise itthen the director just decides to kill the main character after hes been taking out the trash whywaste of time
Blue Ruin,lowest,"I've never gotten the appeal of revenge movies. I mean, I get the idea of revenge seeming satisfying, but I never enjoy either part: the set-up (which is usually unpleasant because it's the bad guys doing something terrible to undeserving people), and the revenge (which is usually unpleasant because it's just delighting in the brutality which the set-up served to justify). Don't get me wrong: in probably every case, the bad guys deserve what they get; I just don't really‚Ä¶",negative,ive never gotten the appeal of revenge movies i mean i get the idea of revenge seeming satisfying but i never enjoy either part the set-up which is usually unpleasant because its the bad guys doing something terrible to undeserving people and the revenge which is usually unpleasant because its just delighting in the brutality which the set-up served to justify dont get me wrong in probably every case the bad guys deserve what they get i just dont really
Blue Ruin,lowest,"It's amateur hour at Blue Ruin from 2013. You won't recognize any of the actors, apart from Buzz from Home Alone. The film is only 90 minutes, but so tedious and uneventful it feels like 190 minutes.I could not follow this movie. I did not understand what was happening. I didn't know who the characters were, what they were doing, what they wanted, or what the point of anything was. This film lacked basic audience awareness. It did not‚Ä¶",negative,its amateur hour at blue ruin from you wont recognize any of the actors apart from buzz from home alone the film is only minutes but so tedious and uneventful it feels like minutesi could not follow this movie i did not understand what was happening i didnt know who the characters were what they were doing what they wanted or what the point of anything was this film lacked basic audience awareness it did not
Blue Ruin,lowest,Only took one show to make me starch movies again. This was soooo boring. First it felt like watching home alone. My husband movie streak ended too soon,negative,only took one show to make me starch movies again this was soooo boring first it felt like watching home alone my husband movie streak ended too soon
Blue Ruin,highest,held off on watching this for so long and this movie is heartbreaking but goddamn it's good,positive,held off on watching this for so long and this movie is heartbreaking but goddamn its good
Blue Ruin,highest,Easily one of the best movies of the 2010s.,positive,easily one of the best movies of the s
Blue Ruin,highest,"The keys are in the car the keys are in the carAlmost eleven years I‚Äôve had this movie in my life and it has yet to lose an ounce of power. Macon Blair gives one of my all-time favorite performances as Dwight, a man whose life has been utterly destroyed by the loss of his parents. The path he takes in seeking his revenge is both sloppy-as-hell and distinctly human. He makes one (relatable) mistake after another because it‚Ä¶",positive,the keys are in the car the keys are in the caralmost eleven years ive had this movie in my life and it has yet to lose an ounce of power macon blair gives one of my all-time favorite performances as dwight a man whose life has been utterly destroyed by the loss of his parents the path he takes in seeking his revenge is both sloppy-as-hell and distinctly human he makes one relatable mistake after another because it
Blue Ruin,highest,"This aged like fine wine. Saulnier and Blair captured something special here. Such a lean film, absolutely no fat but a lot of guts. Absolutely love how Ratray comes out of nowhere to give the thesis of the film. A devastating but essential rewatch.",positive,this aged like fine wine saulnier and blair captured something special here such a lean film absolutely no fat but a lot of guts absolutely love how ratray comes out of nowhere to give the thesis of the film a devastating but essential rewatch
Blue Ruin,highest,You killed my father now prepare to die!,positive,you killed my father now prepare to die
Blue Ruin,highest,Just finished writing an analysis of the revenge scene in this film for my college course (still one of the best and most underrated films I've ever seen).,positive,just finished writing an analysis of the revenge scene in this film for my college course still one of the best and most underrated films ive ever seen
Blue Ruin,highest,gotta be my favourite director fr,positive,gotta be my favourite director fr
Blue Ruin,highest,"This is a perfect, awkward thriller.",positive,this is a perfect awkward thriller
Blue Ruin,highest,Goddamn this movie is good. It‚Äôs tight and tense. Exactly what a revenge thriller should be.,positive,goddamn this movie is good its tight and tense exactly what a revenge thriller should be
Blue Ruin,highest,Slick. Director doesn't waste time.,positive,slick director doesnt waste time
Blue Ruin,highest,"A lot of movies move the plot along, or slow the plot down, by making characters do the dumbest or most irrelevant things possible so it just feels like random parts are moving around for no discernible reason. This guy's movies are so tight and gripping because there is none of that. No goofing around, no needless monologues or dialogue, no meandering just to drag viewers through something the director insists on including. All of the events in his movies are causal and fast, which can make for a very scary movie.",positive,a lot of movies move the plot along or slow the plot down by making characters do the dumbest or most irrelevant things possible so it just feels like random parts are moving around for no discernible reason this guys movies are so tight and gripping because there is none of that no goofing around no needless monologues or dialogue no meandering just to drag viewers through something the director insists on including all of the events in his movies are causal and fast which can make for a very scary movie
Blue Ruin,highest,"After Rebel Ridge, I just had to go back. Spend some time in the dark with Macon. He's so fuckin' good. Like a schlubby terminator. Moments of odd humor pepper what would otherwise me a mercilessly black pit of human suffering. Absolutely delicious. I love this movie.",positive,after rebel ridge i just had to go back spend some time in the dark with macon hes so fuckin good like a schlubby terminator moments of odd humor pepper what would otherwise me a mercilessly black pit of human suffering absolutely delicious i love this movie
Blue Ruin,highest,"Now "" this is real Revenge Story ""Most revenge films sell the illusion of control‚Äîviolence as a means of power, of setting things right. It have no such catharsis , satisfactory monologue . Blue Ruin dismantles that illusion piece by piece, leaving only the hollow, self-destructive truth behind. There‚Äôs no satisfaction here, no justice, just a man walking into a storm he doesn‚Äôt understand and can‚Äôt survive.Dwight, played with quiet devastation by Macon Blair, is not a hero,‚Ä¶",positive,now this is real revenge story most revenge films sell the illusion of controlviolence as a means of power of setting things right it have no such catharsis satisfactory monologue blue ruin dismantles that illusion piece by piece leaving only the hollow self-destructive truth behind theres no satisfaction here no justice just a man walking into a storm he doesnt understand and cant survivedwight played with quiet devastation by macon blair is not a hero
Cold in July,lowest,"Cold in July wants to be like 7 different movies at once, and as a result it fails at being even one. It's been a long time since I've seen a movie as completely and utterly confused as this one.",negative,cold in july wants to be like different movies at once and as a result it fails at being even one its been a long time since ive seen a movie as completely and utterly confused as this one
Cold in July,lowest,"Started out good, then twisted into something that made no sense and left me with that WTF feeling.Loved Don Johnson",negative,started out good then twisted into something that made no sense and left me with that wtf feelingloved don johnson
Cold in July,lowest,I guess it‚Äôs a cishet guy thing.,negative,i guess its a cishet guy thing
Cold in July,lowest,im just really done with the exploitation of women's pain so that random dudes can kick ass and look good,negative,im just really done with the exploitation of womens pain so that random dudes can kick ass and look good
Cold in July,lowest,"On paper it contains all the twist and turns you might expect from a good thriller, but in reality it's lacking in terms of suspense or excitement. The movie also lacks a real clear theme making it feel quite hollow when all is said and done.",negative,on paper it contains all the twist and turns you might expect from a good thriller but in reality its lacking in terms of suspense or excitement the movie also lacks a real clear theme making it feel quite hollow when all is said and done
Cold in July,lowest,"Cold in July AKA How to destroy a great thriller by turning it into a stupid ass story! Seriously, a snuff movie ring?! This stupid urban legend again?!What of the whole first act and the intricate story about the unindentified body in the coffin, the Mafia and the crooked cops???!!! They magically disappear in the second act! Voil√†!Then watchout for the rest of the show in which I'm going to pull a cheap Dollarstore plastic rabbit out of my paper hat! What? You've seen that before?! Well hold on because this is where we're going!This is so stupid. Fuck you!",negative,cold in july aka how to destroy a great thriller by turning it into a stupid ass story seriously a snuff movie ring this stupid urban legend againwhat of the whole first act and the intricate story about the unindentified body in the coffin the mafia and the crooked cops they magically disappear in the second act voilathen watchout for the rest of the show in which im going to pull a cheap dollarstore plastic rabbit out of my paper hat what youve seen that before well hold on because this is where were goingthis is so stupid fuck you
Cold in July,lowest,"This is truthfully one of the worst movies that I‚Äôve ever seen. The cinematography, score, pacing, direction, script, and acting are all extremely poor. This film feels like it was shot in a week, with no opportunity for reshoots. Many loose ends, character motivations that are never explained, everything sucked.Imagine a feature length episode of season 7 Dexter. Only worse. I cannot believe something like this made it past the cutting floor.",negative,this is truthfully one of the worst movies that ive ever seen the cinematography score pacing direction script and acting are all extremely poor this film feels like it was shot in a week with no opportunity for reshoots many loose ends character motivations that are never explained everything suckedimagine a feature length episode of season dexter only worse i cannot believe something like this made it past the cutting floor
Cold in July,lowest,"story had great potential, had its twists and turns. but could have used better direction and writing.",negative,story had great potential had its twists and turns but could have used better direction and writing
Cold in July,lowest,"COLD IN JULY (Jim Mickle, USA, 2014, 2)Cold in July, for this Texas-set film, would be more believable than anything that happens in it. Yes, plausibility isn‚Äôt everything, but when you start out with as much psychological acuity and apparent seriousness as Jim Mickle‚Äôs Cold in July, you can‚Äôt turn into Death Wish; I call this ‚ÄúFatal Attraction Disorder‚Äù. In the opening scene, Texas family man Richard Dane (Michael C. Hall) shoots a burglar in his home. It turns‚Ä¶",negative,cold in july jim mickle usa cold in july for this texas-set film would be more believable than anything that happens in it yes plausibility isnt everything but when you start out with as much psychological acuity and apparent seriousness as jim mickles cold in july you cant turn into death wish i call this fatal attraction disorder in the opening scene texas family man richard dane michael c hall shoots a burglar in his home it turns
Cold in July,lowest,‚ÄúI got cows in that pasture.‚Äù - Jim Bob.,negative,i got cows in that pasture jim bob
Cold in July,lowest,Man shoots an intruder and joins a gay polycule. He and his partners then go on a trip to destroy sex predators.,negative,man shoots an intruder and joins a gay polycule he and his partners then go on a trip to destroy sex predators
Cold in July,highest,Underrated gem. One of my favorites.,positive,underrated gem one of my favorites
Cold in July,highest,Went into this for Michael C. Hall and didn‚Äôt have much expectation but holy shit. Texas noir 80 coded thrillers >>>> There were so many unexpected turns. The whole cast was amazing. I loveeeddd this.,positive,went into this for michael c hall and didnt have much expectation but holy shit texas noir coded thrillers there were so many unexpected turns the whole cast was amazing i loveeeddd this
Cold in July,highest,"Don Johnson is incredible in this movie. Love to watch the man act. Sam Shepard is a convincing and likable everyman.Michael C. Hall delivers a performance that is chilling at times, and even heartbreaking.The movie has some twists and turns that will genuinely keep you interested. Let your guard down, heat up some popcorn, and relax.",positive,don johnson is incredible in this movie love to watch the man act sam shepard is a convincing and likable everymanmichael c hall delivers a performance that is chilling at times and even heartbreakingthe movie has some twists and turns that will genuinely keep you interested let your guard down heat up some popcorn and relax
Cold in July,highest,John Carptenter‚Äôs Blood 8mm Simple.,positive,john carpenters blood mm simple
Cold in July,highest,"Just love Michael C. Hall so much, this is so amazing, everybody plays their role perfect. I absolutely loved the turn this movie took, it‚Äôs just executed so perfectly. Perfect reward you get in the end, yet still a little depressing.",positive,just love michael c hall so much this is so amazing everybody plays their role perfect i absolutely loved the turn this movie took its just executed so perfectly perfect reward you get in the end yet still a little depressing
Cold in July,highest,"You got the picture, framer!A deep-fried distillation of '80s genre fare - horror, buddy comedy, sleaze, action, neo-noir - that unspools freely as a tautly unpredictable, tone-shifting, shit-kicking facemelter.Cold in Julyis also a film that crucially sidesteps the hollow nostalgic fawning over the neon-synth scuzz of that particular decade (which I'm sure we can agree the 2010s were a little too obsessed with) with a poignant central trajectory concerning the coming-of-age-of-a-forty-year-old Texan who is at odds with‚Ä¶",positive,you got the picture framera deep-fried distillation of s genre fare - horror buddy comedy sleaze action neo-noir - that unspools freely as a tautly unpredictable tone-shifting shit-kicking facemeltercold in julyis also a film that crucially sidesteps the hollow nostalgic fawning over the neon-synth scuzz of that particular decade which im sure we can agree the s were a little too obsessed with with a poignant central trajectory concerning the coming-of-age-of-a-forty-year-old texan who is at odds with
Cold in July,highest,"Outstanding on every level. Taught, brilliant script. No spare words. Outstanding performances. Watch this one right now. Best film I've seen in a long time.",positive,outstanding on every level taught brilliant script no spare words outstanding performances watch this one right now best film ive seen in a long time
Cold in July,highest,Can‚Äôt believe there was a time where I thought this was anything less than five stars. Dudes friggin‚Äô rock.,positive,cant believe there was a time where i thought this was anything less than five stars dudes friggin rock
Cold in July,highest,"What if A Walk Amongst Tombstones and Dragged Against Concrete had a baby? It‚Äôd be Cold In July.Having the brains and blood splatter the painting during the opening scene was such a cool idea. Dane, Ben, and Jim Bob are some of the best written characters I‚Äôve ever seen on screen. There was so much packed into their characters as soon as they‚Äôre on screen for a few minutes it feels like you know everything about them. Jim Bob being the best example (was very bummed I didn‚Äôt think he make it). This was a certified banger I look forward to watching again soon.",positive,what if a walk amongst tombstones and dragged against concrete had a baby itd be cold in julyhaving the brains and blood splatter the painting during the opening scene was such a cool idea dane ben and jim bob are some of the best written characters ive ever seen on screen there was so much packed into their characters as soon as theyre on screen for a few minutes it feels like you know everything about them jim bob being the best example was very bummed i didnt think he make it this was a certified banger i look forward to watching again soon
Cold in July,highest,"Third time watch and it‚Äôs masterpiece. Please watch it, you won‚Äôt regret it",positive,third time watch and its masterpiece please watch it you wont regret it
Cold in July,highest,"i think the problem with people who want border security is that they focus too much on fearmongering illegal immigrants‚Äô personalities. there‚Äôs multiple sides to that argument like wanting to have less demand for products or jobs therefore having more supply, but the side i want to focus on is that not only are people not accounted for, allowing them to be exploited by businesses, but children are also not accounted for, allowing them to be exploited by something maybe more‚Ä¶",positive,i think the problem with people who want border security is that they focus too much on fearmongering illegal immigrants personalities theres multiple sides to that argument like wanting to have less demand for products or jobs therefore having more supply but the side i want to focus on is that not only are people not accounted for allowing them to be exploited by businesses but children are also not accounted for allowing them to be exploited by something maybe more
Cold in July,highest,"I love it when a ‚Äúyou messed with the wrong guy‚Äù type narrative isn‚Äôt ‚Äúturns out this guy was special forces, he killed Satan in desert storm,‚Äù and instead is more just ‚Äúa hapless Joe Schmoe who finds in himself the principle to not let an evil act go unanswered.‚Äù",positive,i love it when a you messed with the wrong guy type narrative isnt turns out this guy was special forces he killed satan in desert storm and instead is more just a hapless joe schmoe who finds in himself the principle to not let an evil act go unanswered
Cold in July,highest,"best hotline miami esque film ive watched thus far, synth score don johnson and a neo-noir genre blend that's all you need to know.",positive,best hotline miami esque film ive watched thus far synth score don johnson and a neo-noir genre blend thats all you need to know
Cold in July,highest,Cold in July is proof that great ideas can outshine a small budget.,positive,cold in july is proof that great ideas can outshine a small budget
A Hijacking,lowest,Remember when Tarantino kinda skipped jewelry heist in Reservoir Dogs? And like how cool that was for indie filmmaking? Like We dont need to show the most expensive scene!Yeah... dont do that unless youre Taratino.,negative,remember when tarantino kinda skipped jewelry heist in reservoir dogs and like how cool that was for indie filmmaking like we dont need to show the most expensive sceneyeah dont do that unless youre taratino
A Hijacking,lowest,Beth Greenerealness sa isang scene üòÇ,negative,beth greenerealness sa isang scene
A Hijacking,lowest,The beginning act was very sluggish and a chore to get through but the rest of the movie was fine afterwards. My biggest strife with the movie was that it was intended to be very character driven but there‚Äôs barely any room for empathy and the characters were very 2 dimensional and didn‚Äôt really have much personality,negative,the beginning act was very sluggish and a chore to get through but the rest of the movie was fine afterwards my biggest strife with the movie was that it was intended to be very character driven but theres barely any room for empathy and the characters were very dimensional and didnt really have much personality
A Hijacking,lowest,"Really disappointing hijack drama about a group of Danish oil tanker workers taken prisoner by Somali pirates. The film is subtle and deserves credit for focusing on the realistic negotiating complexity of a hijacking situation... But ultimately, nothing really happens. It doesn't have very much depth, it's just a series of scenes between the Somali captors and the hijacked crew intercut with dour conference room scenes where tension is delivered by waiting for faxes to arrive (the oil tanker company‚Ä¶",negative,really disappointing hijack drama about a group of danish oil tanker workers taken prisoner by somali pirates the film is subtle and deserves credit for focusing on the realistic negotiating complexity of a hijacking situation but ultimately nothing really happens it doesnt have very much depth its just a series of scenes between the somali captors and the hijacked crew intercut with dour conference room scenes where tension is delivered by waiting for faxes to arrive the oil tanker company
A Hijacking,lowest,I think paint takes longer to dry than running time of this movie. I think I would still rather watch the latter.,negative,i think paint takes longer to dry than running time of this movie i think i would still rather watch the latter
A Hijacking,lowest,"Tracking a fictional hijacking situation at sea, Tobias Lindholm's film values process over progress, where the ""heroes"" and ""villains"" play a politicking game of chess in which each seemingly trivial move is an irretractable act of positioning. If you're fascinated by a moody, slow-moving game of ""guess the number"" then A Hijacking will have you hooked but if you're looking for a bit of excitement and flourish in your thriller, you may quickly find your senses dulled by the vacillating‚Ä¶",negative,tracking a fictional hijacking situation at sea tobias lindholms film values process over progress where the heroes and villains play a politicking game of chess in which each seemingly trivial move is an irretractable act of positioning if youre fascinated by a moody slow-moving game of guess the number then a hijacking will have you hooked but if youre looking for a bit of excitement and flourish in your thriller you may quickly find your senses dulled by the vacillating
A Hijacking,lowest,"This was the movie equivalent of reading a newspaper article. It had all the facts and told you the story, but didn't flesh anything out or paint much of a visual.",negative,this was the movie equivalent of reading a newspaper article it had all the facts and told you the story but didnt flesh anything out or paint much of a visual
A Hijacking,lowest,"Not as compelling as Captain Phillips, but I think more true to the story.",negative,not as compelling as captain phillips but i think more true to the story
A Hijacking,lowest,not necessarily a bad movie but a movie that i absolutely did not enjoy.well made and interesting plot and defo worth reading about the director and the making of the filmthis is the kind of movie i have to read the wiki plot for beforehand so i don‚Äôt give myself an anxiety attack,negative,not necessarily a bad movie but a movie that i absolutely did not enjoywell made and interesting plot and defo worth reading about the director and the making of the filmthis is the kind of movie i have to read the wiki plot for beforehand so i dont give myself an anxiety attack
A Hijacking,lowest,"I'm not sure you could have done less, or made a less compelling film about a hijacking. It's not gripping, it's not compelling, it's just dull and often very frustrating. I wasn't shocked to find out that Tobias Lindholm wrote (and directed) this film, having pennedThe Huntas well.There is rarely any emotion, little acting required and with almost four months at sea and very little food, the crew never seemed to lose weight at all. There were too many little annoying things like that that made this film very forgettable for me. And what an anti-climactic ending.",negative,im not sure you could have done less or made a less compelling film about a hijacking its not gripping its not compelling its just dull and often very frustrating i wasnt shocked to find out that tobias lindholm wrote and directed this film having pennedthe huntas wellthere is rarely any emotion little acting required and with almost four months at sea and very little food the crew never seemed to lose weight at all there were too many little annoying things like that that made this film very forgettable for me and what an anti-climactic ending
A Hijacking,lowest,"Idk if it‚Äôs studio meddling or just incompetency, but the editing here is awful. It feels like there is soooo much material missing. And it‚Äôs truly sad because the scenes, in itself, are all solid.Pilou Asb√¶k and S√∏ren Malling are doing very well in their scenes. The camerawork and directing is okay. Nothing that stands out as good but nothing that stands out as bad either. The phone call between the cook and his wife was my fav part‚Ä¶",negative,idk if its studio meddling or just incompetency but the editing here is awful it feels like there is soooo much material missing and its truly sad because the scenes in itself are all solidpilou asb√¶k and s√∏ren malling are doing very well in their scenes the camerawork and directing is okay nothing that stands out as good but nothing that stands out as bad either the phone call between the cook and his wife was my fav part
A Hijacking,lowest,"An interesting idea, I guess, and probably a somewhat accurate representation of what these situations are really like‚Äîbut in practice, this felt unnecessarily punishing and repetitive. Not that it's meant to be a feel-good film, but its relentless dourness felt undeserved.The portion taking place at the company offices was the biggest offender, with the CEO's stubborn bargaining scenes repeating themselves over and over, but the events on the boat weren't particularly eventful either. Realistic maybe, but for a fiction‚Ä¶",negative,an interesting idea i guess and probably a somewhat accurate representation of what these situations are really likebut in practice this felt unnecessarily punishing and repetitive not that its meant to be a feel-good film but its relentless dourness felt undeservedthe portion taking place at the company offices was the biggest offender with the ceos stubborn bargaining scenes repeating themselves over and over but the events on the boat werent particularly eventful either realistic maybe but for a fiction
A Hijacking,highest,Gonna do a bit more revision for my maritime security exam now methinks,positive,gonna do a bit more revision for my maritime security exam now methinks
A Hijacking,highest,"Great film, this movie really shows on what the seamans cdo whenever they find themselves in a incident such as a hijacking by pirates. These film reminds me of the Captain Philips film.",positive,great film this movie really shows on what the seamans cdo whenever they find themselves in a incident such as a hijacking by pirates these film reminds me of the captain philips film
A Hijacking,highest,Anything less than 5 stars feels unjustified.Extremely well done. I've watched some amazing Scandinavian films of late.Wouldn't want to be Mikkel at the end! Hope that wasn't a true anecdote from a real hijacking.,positive,anything less than stars feels unjustifiedextremely well done ive watched some amazing scandinavian films of latewouldnt want to be mikkel at the end hope that wasnt a true anecdote from a real hijacking
A Hijacking,highest,"A Danish ship is hijacked by Somalian pirates. A harrowing thriller shot with the intimacy of a documentary. The movie allows you to come up for air every now and again, but it‚Äôs a ruse. It doesn‚Äôt let up until its last dying frame. And the performances of all, are of the type that succeed in letting you forget they‚Äôre acting. This was exhausting.",positive,a danish ship is hijacked by somalian pirates a harrowing thriller shot with the intimacy of a documentary the movie allows you to come up for air every now and again but its a ruse it doesnt let up until its last dying frame and the performances of all are of the type that succeed in letting you forget theyre acting this was exhausting
A Hijacking,highest,"People from Scandinavian countries make cool movies. ie: Sweden's Let The Right One In. This atypical sea-bound hostage thriller is from Denmark. It's Captain Phillips but with more boardrooms and less Tom Hanks. The film cuts back and forth between the events on a hijacked ship and the hostage negotiation process back on land. The two main guys, the ship's cook and the head corporate dude, are great. Sounds mad boring, but is instead scary and tense.",positive,people from scandinavian countries make cool movies ie swedens let the right one in this atypical sea-bound hostage thriller is from denmark its captain phillips but with more boardrooms and less tom hanks the film cuts back and forth between the events on a hijacked ship and the hostage negotiation process back on land the two main guys the ships cook and the head corporate dude are great sounds mad boring but is instead scary and tense
A Hijacking,highest,A great representation on what and how the seamans will do and react whenever unexpected events such as a hijacking occurs. This film definitely reminds me of Captain Philips. Im glad that the ending was a good one,positive,a great representation on what and how the seamans will do and react whenever unexpected events such as a hijacking occurs this film definitely reminds me of captain philips im glad that the ending was a good one
A Hijacking,highest,A stunning tense piece of cinema.,positive,a stunning tense piece of cinema
A Hijacking,highest,"This is a film about a cargo ship that is attacked by Somali pirates and the negotiations with the ship's company in Copenhagen. This film is heart wrenching and very suspenseful but what I think blew me away the most was how there is really no true antagonist. The filmmaker does such a great job at distributing empathy throughout the characters... As Renoir says in the French masterpiece, Rules of the Game (1939): ""The awful thing about life is this: Everybody has their reasons....""",positive,this is a film about a cargo ship that is attacked by somali pirates and the negotiations with the ships company in copenhagen this film is heart wrenching and very suspenseful but what i think blew me away the most was how there is really no true antagonist the filmmaker does such a great job at distributing empathy throughout the characters as renoir says in the french masterpiece rules of the game the awful thing about life is this everybody has their reasons
A Hijacking,highest,"Move over Captain Phillips, this is the pirate movie to watch",positive,move over captain phillips this is the pirate movie to watch
A Hijacking,highest,"Harrowing but gripping tale focusing on the negotiations for the release of a hijacked container ship. The tension just ratchets up, you feel like you are in the room scared of how the hijackers will react. You can also feel the desparation of the hostages and the isolation they feel when they hear that their bosses won't just pay the money. You can see them slowly degrade and dehumanise as time goes on. An excellent film, all the better for ignoring the action of the hijacking itself and delving into the psychological torture of those on the ship and those back home.",positive,harrowing but gripping tale focusing on the negotiations for the release of a hijacked container ship the tension just ratchets up you feel like you are in the room scared of how the hijackers will react you can also feel the desparation of the hostages and the isolation they feel when they hear that their bosses wont just pay the money you can see them slowly degrade and dehumanise as time goes on an excellent film all the better for ignoring the action of the hijacking itself and delving into the psychological torture of those on the ship and those back home
A Hijacking,highest,"A suspenseful film about the hijacking of a cargo ship by Somali pirates. Unlike captain Phillips, this film focusses on the negotiation with the Danish CEO. Flipping between the boat and the office room where the negotiations are taking place, the film manages to be suspenseful in both locations with masterful acting. The drama which plays out feels very real, very bleak and very claustrophobic. Great cinema.",positive,a suspenseful film about the hijacking of a cargo ship by somali pirates unlike captain phillips this film focusses on the negotiation with the danish ceo flipping between the boat and the office room where the negotiations are taking place the film manages to be suspenseful in both locations with masterful acting the drama which plays out feels very real very bleak and very claustrophobic great cinema
A Hijacking,highest,"The road to Denmark - the hidden gems‚¨ÖÔ∏èI was completely on board from the beginning. A tragic and stressful race against time, with beautiful landscapes",positive,the road to denmark - the hidden gemsi was completely on board from the beginning a tragic and stressful race against time with beautiful landscapes
A Hijacking,highest,Wow. This is the pirate movie to watch,positive,wow this is the pirate movie to watch
Loveless,lowest,I can‚Äôt believe that I wasted 2 hours of my life on this trash,negative,i cant believe that i wasted hours of my life on this trash
Loveless,lowest,"It was beautifully shot and the acting was excellent, but the story and pacing were just dreadful. The second half during the searching felt like it went on forever.",negative,it was beautifully shot and the acting was excellent but the story and pacing were just dreadful the second half during the searching felt like it went on forever
Loveless,lowest,Hated every second of this tiring and pretentious film,negative,hated every second of this tiring and pretentious film
Loveless,lowest,"A fairly long while ago I read a brief collection of short stories by Shirley Jackson. I've been haunted by a couple of the stories it contained ever since, but the first one left a particularly indelible impression. It was The Missing Girl, wherein over just a handful of pages, Jackson describes the circumstances unfolding upon the discovery that a young teenage girl has disappeared from a campground, seemingly without trace. The succinct portrait Jackson paints of the mechanical way‚Ä¶",negative,a fairly long while ago i read a brief collection of short stories by shirley jackson ive been haunted by a couple of the stories it contained ever since but the first one left a particularly indelible impression it was the missing girl wherein over just a handful of pages jackson describes the circumstances unfolding upon the discovery that a young teenage girl has disappeared from a campground seemingly without trace the succinct portrait jackson paints of the mechanical way
Loveless,lowest,11:15am at Highland Park Renaissance,negative,am at highland park renaissance
Loveless,lowest,Shoutout Jack Caccavari because we both had to watch this piece of trash for class,negative,shoutout jack caccavari because we both had to watch this piece of trash for class
Loveless,lowest,Didn't watch this but my bloody valentine SUCK!!!!!!!!!!!!!!!!!!,negative,didnt watch this but my bloody valentine suck
Loveless,highest,This is not a story about good and evil It is about parents who have never received love And therefore cannot give it to their child They repeat their mistakes over and over And do not learn from the tragedy The film does not provide a solution or comfort It deals with a harsh reality where love is absent,positive,this is not a story about good and evil it is about parents who have never received love and therefore cannot give it to their child they repeat their mistakes over and over and do not learn from the tragedy the film does not provide a solution or comfort it deals with a harsh reality where love is absent
Loveless,highest,"This is a third time I've watched it and every time I am reassured that Zvyagintsev is total genious. Amazing movie, it drags you in from the very beginning with perfect acting and cinematography.",positive,this is a third time ive watched it and every time i am reassured that zvyagintsev is total genious amazing movie it drags you in from the very beginning with perfect acting and cinematography
Loveless,highest,A suprise to no one. Russians make about as good parents as they do a functional Democracy,positive,a suprise to no one russians make about as good parents as they do a functional democracy
Loveless,highest,"I am officially putting this as my second favorite film of all time. My rewatch hit, it hit hard. I‚Äôve thought about this film ever since I watched it for the first time (years ago).",positive,i am officially putting this as my second favorite film of all time my rewatch hit it hit hard ive thought about this film ever since i watched it for the first time years ago
Loveless,highest,Damn. Your kid running away must be a real bummer...,positive,damn your kid running away must be a real bummer
Loveless,highest,"I believe I was shown part of this in a seminar in 3rd year or something. Anyway, I should have trusted my gut; this is the most depressing film of all time and I hate it!",positive,i believe i was shown part of this in a seminar in rd year or something anyway i should have trusted my gut this is the most depressing film of all time and i hate it
Loveless,highest,"10 years after The banishment, this one cuts even deeper. It goes right under your skin.Another cinematic tour-de-force by Zvyagintsev. A dark jewel. Better than The banishment, in my opinion (and others).'Loveless' revolves around a young couple who lose not only each other but also their son in their marital struggle. When their 12-year-old son disappears, the couple is confronted with their own shortcomings.""Up until now, Russian filmmaker Andrej Zvyagintsev has only made good to excellent films,‚Ä¶",positive,years after the banishment this one cuts even deeper it goes right under your skinanother cinematic tour-de-force by zvyagintsev a dark jewel better than the banishment in my opinion and othersloveless revolves around a young couple who lose not only each other but also their son in their marital struggle when their -year-old son disappears the couple is confronted with their own shortcomingsup until now russian filmmaker andrej zvyagintsev has only made good to excellent films
Loveless,highest,"The story of Loveless is very captivating even though it's a patient slow-burn with a lot of long-takes, dialogue and a big emphasis on atmosphere. From the opening shot to the final shot it's a depressing experience with lots of unexpected turns, and it's a film that keeps you guessing and wondering even after the credits roll. It's one that sits with you and is on your mind for a long time after watching it.Our two lead actors, Maryana‚Ä¶",positive,the story of loveless is very captivating even though its a patient slow-burn with a lot of long-takes dialogue and a big emphasis on atmosphere from the opening shot to the final shot its a depressing experience with lots of unexpected turns and its a film that keeps you guessing and wondering even after the credits roll its one that sits with you and is on your mind for a long time after watching itour two lead actors maryana
Loveless,highest,i'll never forget how heartbreaking this was,positive,ill never forget how heartbreaking this was
Victoria,lowest,"i stayed until an hour and 19 mins. i can't finish it. not with the messy camera work (altho i get it, it kinda like a vlog), but i still can't. not with vic's attitude. vic was bored so she joined a group of men on a night. nah. i just couldn't get into the storyline. i forced myself to finish it, but at least i passed the first hour. just not for me.",negative,i stayed until an hour and mins i cant finish it not with the messy camera work altho i get it it kinda like a vlog but i still cant not with vics attitude vic was bored so she joined a group of men on a night nah i just couldnt get into the storyline i forced myself to finish it but at least i passed the first hour just not for me
Victoria,lowest,So boring no shade. She‚Äôs also an idiot boots,negative,so boring no shade shes also an idiot boots
Victoria,lowest,"""i can fix him,"" says woman who is worse",negative,i can fix him says woman who is worse
Victoria,lowest,There is a reason they did this in one take: it‚Äôs too ducking terrible to shoot again. Please don‚Äôt waste 2 hours of your time.,negative,there is a reason they did this in one take its too ducking terrible to shoot again please dont waste hours of your time
Victoria,lowest,"i hated this movie. idk if i can get into dramas if they are all going to be so long. additionally, it did not make me thrilled to fly to berlin today.",negative,i hated this movie idk if i can get into dramas if they are all going to be so long additionally it did not make me thrilled to fly to berlin today
Victoria,lowest,Worse than hitting your own mother‚Ä¶As if any sane person would be so naive to follow such pieces of shit that are drunken germans‚Ä¶The worst movie I‚Äôve watched in this year so far,negative,worse than hitting your own motheras if any sane person would be so naive to follow such pieces of shit that are drunken germansthe worst movie ive watched in this year so far
Victoria,highest,Undeniably thrilling. Germany never feels like a normal place. Bad boys are too fun to ignore so I get it.,positive,undeniably thrilling germany never feels like a normal place bad boys are too fun to ignore so i get it
Victoria,highest,Probably some of the best acting I‚Äôve ever seen. All in one take too which is insane. Meandering a bit towards the end but I don‚Äôt freaking care this shit was incredible,positive,probably some of the best acting ive ever seen all in one take too which is insane meandering a bit towards the end but i dont freaking care this shit was incredible
Victoria,highest,"This was one of the first movies I watched when I decided to try this hobby to find out what was out there. I was absolutely mind blown that I didn‚Äôt even gave a review. This is the one movie, that hooked me in this world and turned me into a cinephile. Probably the only one review that I didn‚Äôt do since I started this activity continuously, for almost a year now, and one of the most meaningful movies for me, that deeply touched me and made me fall in love with cinema. Thanks Victoria",positive,this was one of the first movies i watched when i decided to try this hobby to find out what was out there i was absolutely mind blown that i didnt even gave a review this is the one movie that hooked me in this world and turned me into a cinephile probably the only one review that i didnt do since i started this activity continuously for almost a year now and one of the most meaningful movies for me that deeply touched me and made me fall in love with cinema thanks victoria
Victoria,highest,"what an ending, man!Good for her? idk but I'm glad she was able to get away",positive,what an ending mangood for her idk but im glad she was able to get away
Victoria,highest,"The best german movie, it is not an understatemant. Because of this movie I had the dream of renaming myself Victoria. I saw it 2015 and can still not fathom how well it held up, how it depicts Berlin as this pseudo depressing realtiy, we all live through. How there is not one cut, sort of like Hideo Kojima was pocessing the director Schipper. Fantastic, chefs kiss! It is not talked about much in this cultural climate but we should all see Victoria.",positive,the best german movie it is not an understatemant because of this movie i had the dream of renaming myself victoria i saw it and can still not fathom how well it held up how it depicts berlin as this pseudo depressing realtiy we all live through how there is not one cut sort of like hideo kojima was pocessing the director schipper fantastic chefs kiss it is not talked about much in this cultural climate but we should all see victoria
Victoria,highest,"Every time I watch it I‚Äôm more blown away. This film has no contemporaries. Other one-takes either feel forced or have a scope too narrow to make the feat meaningful. Victoria, however, has an enormous scope that meets the moment at every turn.There‚Äôs no settling for mediocrity to achieve the goal. These actors give their all for the lengthy runtime and it ends up a true masterpiece that would be thoroughly enjoyable even if filmed traditionally.As we pass this films 10th birthday, I continue to hope it will finally get the mainstream recognition it deserves.",positive,every time i watch it im more blown away this film has no contemporaries other one-takes either feel forced or have a scope too narrow to make the feat meaningful victoria however has an enormous scope that meets the moment at every turntheres no settling for mediocrity to achieve the goal these actors give their all for the lengthy runtime and it ends up a true masterpiece that would be thoroughly enjoyable even if filmed traditionallyas we pass this films th birthday i continue to hope it will finally get the mainstream recognition it deserves
Victoria,highest,All in 1 shot. Why I haven't seen this earlier¬ø?I'd like to think that Victoria went on with her life just fineNils Frahm is god üôè,positive,all in shot why i havent seen this earlierid like to think that victoria went on with her life just finenils frahm is god
Victoria,highest,The power of friendship did not prevail,positive,the power of friendship did not prevail
Victoria,highest,"Wow, that totally came out of left field. A really tense movie that just snowballs, the thing is beautiful and the soundtrack is excellent, but the acting is overwhelming. While the story is fiction, the people are as real as it gets.",positive,wow that totally came out of left field a really tense movie that just snowballs the thing is beautiful and the soundtrack is excellent but the acting is overwhelming while the story is fiction the people are as real as it gets
Timecrimes,lowest,Nah don‚Äôt fuck with this it all took me like allDamn day to watch this could not get on board w this plot üëé,negative,nah dont fuck with this it all took me like alldamn day to watch this could not get on board w this plot
Timecrimes,lowest,"Didn't like how the movie treated the unnamed female character. Weirdly sexist.Plot wise this is nothing unique, I've seen this kind of movie enough times to think I myself might be in a time loop. Didn't really offer anything new except for the, well, cum pool I guess.",negative,didnt like how the movie treated the unnamed female character weirdly sexistplot wise this is nothing unique ive seen this kind of movie enough times to think i myself might be in a time loop didnt really offer anything new except for the well cum pool i guess
Timecrimes,lowest,"the protagonist is a fat, slow, stupid creep.",negative,the protagonist is a fat slow stupid creep
Timecrimes,lowest,This is one of my least favorite portrayals of time travel - causal loops can be fun (where you only do something because you did it before) but the origin of that action should have some meaning to it or some relation to the character‚Äôs will - making the woman take off her clothes in the forest for no reason just because he‚Äôd seen it before felt like a poorly chosen and unnecessarily explicit way to demonstrate this. Also was‚Ä¶,negative,this is one of my least favorite portrayals of time travel - causal loops can be fun where you only do something because you did it before but the origin of that action should have some meaning to it or some relation to the characters will - making the woman take off her clothes in the forest for no reason just because hed seen it before felt like a poorly chosen and unnecessarily explicit way to demonstrate this also was
Timecrimes,lowest,"If one have watched a handful of time travel movies, they alomst would have known what is happening and what is about to. With it being made one and a hald decade before, it might have been riveting then but I feel that it didn't stand the test of the time.",negative,if one have watched a handful of time travel movies they alomst would have known what is happening and what is about to with it being made one and a hald decade before it might have been riveting then but i feel that it didnt stand the test of the time
Timecrimes,lowest,"This felt very male gaze-y and the storyline was very basic. I was not entertained at all, so there‚Äôs 1 star for you.",negative,this felt very male gaze-y and the storyline was very basic i was not entertained at all so theres star for you
Timecrimes,lowest,"I‚Äôll be quick: this movie is dreadful. It tries to be smart, to be dark, to be somehow good, and it catastrophically fails at everything it does. It‚Äôs not surprising, it‚Äôs not intense, it‚Äôs not enjoyable at all. And worst of all: despite being 80 minutes long, it makes you sit through it as if it were a 4 hour long feature ‚Äî behaving as if it were profound, moving awfully slow‚Ä¶ and, let‚Äôs be honest, making you feel as if you wasted 240 minutes of your life when you haven‚Äôt even wasted 90.I still can‚Äôt believe how awful this movie was, really‚Ä¶ *sigh*",negative,ill be quick this movie is dreadful it tries to be smart to be dark to be somehow good and it catastrophically fails at everything it does its not surprising its not intense its not enjoyable at all and worst of all despite being minutes long it makes you sit through it as if it were a hour long feature behaving as if it were profound moving awfully slow and lets be honest making you feel as if you wasted minutes of your life when you havent even wasted i still cant believe how awful this movie was really sigh
Timecrimes,lowest,"Idiot man defies darwinism, unfortunately.",negative,idiot man defies darwinism unfortunately
Timecrimes,highest,Hector is the unemployed friend on a random Tuesday,positive,hector is the unemployed friend on a random tuesday
Timecrimes,highest,Brilliant. Very good concept and very well done.,positive,brilliant very good concept and very well done
Timecrimes,highest,This is one of the most excellent and well-developed time travel stories ever to be put on screen. Shame the bike girl went through all that.,positive,this is one of the most excellent and well-developed time travel stories ever to be put on screen shame the bike girl went through all that
Timecrimes,highest,"Proof that you don't need a big budget or special effects to make compelling sci-fi. Simplicity in the setting works as the script, mood and performances are so tight and wonderfully engrossing. It's stressful, which is layered through the increasingly disastrous effects of how the film portrays it's time travel concepts. It's small in scope and it benefits massively from that restrained. The film aesthetic could of been very dark and hard to distinguish, but you can see everying from‚Ä¶",positive,proof that you dont need a big budget or special effects to make compelling sci-fi simplicity in the setting works as the script mood and performances are so tight and wonderfully engrossing its stressful which is layered through the increasingly disastrous effects of how the film portrays its time travel concepts its small in scope and it benefits massively from that restrained the film aesthetic could of been very dark and hard to distinguish but you can see everying from
Timecrimes,highest,"talked about forEpisode 001 of my podcast alongside The Time Machine (1960) with guest Taylor Wilson, also available on Spotify, Apple Podcasts, and wherever else :).was thinking 4.5 or 5, but this has stuck with me a bit since watching it. Part of the reason is that I really like The Swimmer, and this gave me major The Swimmer vibes. And I love little 90 minute movies. And I love the way it was shot. And I loved how lurid it went. Yeah, 5 stars, I think perfect. Excited to see other of Vigalondo's work!",positive,talked about forepisode of my podcast alongside the time machine with guest taylor wilson also available on spotify apple podcasts and wherever else was thinking or but this has stuck with me a bit since watching it part of the reason is that i really like the swimmer and this gave me major the swimmer vibes and i love little minute movies and i love the way it was shot and i loved how lurid it went yeah stars i think perfect excited to see other of vigalondos work
Timecrimes,highest,"How the fuck can't Hollywood compete with a movie with a budget of two millions, names you never heard of and music which sounds so old it could be royality free again?The execution, the concept, the characters, the actors, just everything clicks very satisfyingly together. Yeah, even the music. I can't fathom how Nacho Vigalondo wasn't overly night a second Christopher Nolan. I mean, okay, he did work one time with Elijah Wood, but that seemed to be the death of his carrer, sadly. Speaking of, Open Windows just jumped massively on my watchlist!",positive,how the fuck cant hollywood compete with a movie with a budget of two millions names you never heard of and music which sounds so old it could be royality free againthe execution the concept the characters the actors just everything clicks very satisfyingly together yeah even the music i cant fathom how nacho vigalondo wasnt overly night a second christopher nolan i mean okay he did work one time with elijah wood but that seemed to be the death of his carrer sadly speaking of open windows just jumped massively on my watchlist
Timecrimes,highest,"HOLY HELLThe less you know about this movie going in, the better",positive,holy hellthe less you know about this movie going in the better
Timecrimes,highest,"Wow. Fantastically plotted, paced, directed and acted! Amazing film that answers most of it's own questions which is rare in time travel movies. Most of the time there are massive plot holes, but here it is more of mildly odd decisions by the main character at most. But at the same time, Hector seems to be sort of a mild mannered every day sort of dude, not really have been prepared for being thrust into a time travel situation.The‚Ä¶",positive,wow fantastically plotted paced directed and acted amazing film that answers most of its own questions which is rare in time travel movies most of the time there are massive plot holes but here it is more of mildly odd decisions by the main character at most but at the same time hector seems to be sort of a mild mannered every day sort of dude not really have been prepared for being thrust into a time travel situationthe
The Guilty,lowest,"Not sure why this is getting such rapturous praise (currently sitting at 99% on RT). I thought this was incredibly boring. Words like ‚Äúnail-biting‚Äù, ‚Äútons of twists-&-turns‚Äù, ‚Äúgripping‚Äù & ‚Äúclever‚Äù were used but I never experienced any of that during the film.The plot concerns an emergency dispatch officer who receives a troubling phone call. This is a single-location movie similar to such films like Phone Booth, Buried & Locke; the latter being used as the most obvious comparison as the film‚Ä¶",negative,not sure why this is getting such rapturous praise currently sitting at on rt i thought this was incredibly boring words like nail-biting tons of twists--turns gripping clever were used but i never experienced any of that during the filmthe plot concerns an emergency dispatch officer who receives a troubling phone call this is a single-location movie similar to such films like phone booth buried locke the latter being used as the most obvious comparison as the film
The Guilty,lowest,Thrillers work mostly due to a threat to their featured protagonist. Cortes' Buried is tense because Reynolds is buried alive and tries not to die. It's not just about resisting death. But... WE CARE! The threats here are happening not to the character seen on screen. And we don't connect to them dramatically because of the mystery. They are even a total stranger! An idea destined to flounder. And it does!,negative,thrillers work mostly due to a threat to their featured protagonist cortes buried is tense because reynolds is buried alive and tries not to die its not just about resisting death but we care the threats here are happening not to the character seen on screen and we dont connect to them dramatically because of the mystery they are even a total stranger an idea destined to flounder and it does
The Guilty,lowest,i was hoping i‚Äôd like the original better but i think the execution was still poor and i hate the sub plots,negative,i was hoping id like the original better but i think the execution was still poor and i hate the sub plots
The Guilty,lowest,"The more I think about this film, the angrier it makes meI can't fault the acting or pacing, and the premise is brilliant,However, what begins as a gripping and timely thriller, in which a domestic violence situation becomes a terrifying ticking clock, is ultimately a story of villifying mental illness while absolving or glossing over the violence and abuse of power of men",negative,the more i think about this film the angrier it makes mei cant fault the acting or pacing and the premise is brillianthowever what begins as a gripping and timely thriller in which a domestic violence situation becomes a terrifying ticking clock is ultimately a story of villifying mental illness while absolving or glossing over the violence and abuse of power of men
The Guilty,lowest,never knew a movie can make me regret this much I saw it. der film war SO was von without sens. ‚ú®wasted 90 mins of my life‚ú®,negative,never knew a movie can make me regret this much i saw it der film war so was von without sens wasted mins of my life
The Guilty,lowest,Was so hard not to fall asleep.~Half a star.,negative,was so hard not to fall asleephalf a star
The Guilty,lowest,"I didn't care for this movie. Watching one guy for 90 minutes isn't that exciting even if the story was pretty good. This, much like Locke, fails.",negative,i didnt care for this movie watching one guy for minutes isnt that exciting even if the story was pretty good this much like locke fails
The Guilty,lowest,"I never got around to logging this because fffffffffuck this film but news is there‚Äôs an American remake on its way?KEEP IT.Make better choices, Jakey G.",negative,i never got around to logging this because fffffffffuck this film but news is theres an american remake on its waykeep itmake better choices jakey g
The Guilty,lowest,"This is vile trash. Obvious as hell and doesn‚Äôt have nearly enough material for its slim runtime, and initially it seems like it‚Äôs going to run the protagonist‚Äôs redemption arc through a domestic violence narrative. That‚Äôs gross enough, but then there‚Äôs a completely reprehensible ‚Äútwist‚Äù that basically turns the film into wank fodder for Men‚Äôs Rights Activists.Fuck everyone involved with the making of this movie.Edited to add: I'm baffled by everyone praising the sound design because I found‚Ä¶",negative,this is vile trash obvious as hell and doesnt have nearly enough material for its slim runtime and initially it seems like its going to run the protagonists redemption arc through a domestic violence narrative thats gross enough but then theres a completely reprehensible twist that basically turns the film into wank fodder for mens rights activistsfuck everyone involved with the making of this movieedited to add im baffled by everyone praising the sound design because i found
The Guilty,lowest,"It feels like a first year film student's project, painfully predictable. I kept watching in hopes of it giving me more than a weak twist but I wasn't left with much.",negative,it feels like a first year film students project painfully predictable i kept watching in hopes of it giving me more than a weak twist but i wasnt left with much
The Guilty,highest,"Very high on my list of awesome experiences inside the Kimball Tower. I was kinda worried that staying inside the office the whole time would feel gimmicky, but it was so far from that. I was also worried that it would be an oversimplified, over-glorified portrait of a cop, but it was again, very far from that.It was incredibly written, paced, acted, and shot. I think I was most impressed by the actors we didn‚Äôt get to see. Lots of emotion in just voices. Awesome!!!!!!",positive,very high on my list of awesome experiences inside the kimball tower i was kinda worried that staying inside the office the whole time would feel gimmicky but it was so far from that i was also worried that it would be an oversimplified over-glorified portrait of a cop but it was again very far from thatit was incredibly written paced acted and shot i think i was most impressed by the actors we didnt get to see lots of emotion in just voices awesome
The Guilty,highest,"The best film I‚Äôve seen with a one location premise, also completely in real time so the suspense is crazy.In between the dramatic moments of tension and action you just watch the protagonist wrack his brain trying to figure out what to do next - that is cinema",positive,the best film ive seen with a one location premise also completely in real time so the suspense is crazyin between the dramatic moments of tension and action you just watch the protagonist wrack his brain trying to figure out what to do next - that is cinema
The Guilty,highest,The writing and acting it takes to make a movie this good while all events take place through a phone call is incredible. This is a first watch masterpiece.I haven‚Äôt watched the Jake whateverhall version but I think it‚Äôs safe to say that you‚Äôd be doing yourself a favor to just read subtitles.,positive,the writing and acting it takes to make a movie this good while all events take place through a phone call is incredible this is a first watch masterpiecei havent watched the jake whateverhall version but i think its safe to say that youd be doing yourself a favor to just read subtitles
The Guilty,highest,this is way better than the jake gyllenhal versioni love how great denmark is at making moviesdannebrogü§òüá©üá∞,positive,this is way better than the jake gyllenhal versioni love how great denmark is at making moviesdannebrog
The Guilty,highest,This is perhaps the most intense and claustrophobic experience I've ever had. The film grabs you and does not let go for a single second as you watch a dubious dispatcher stumble his way through a nightmare scenario. What earns me the five stars is that it did not let up even at the very end. It continues to get deeper and more complex while utilizing only one backdrop. The dialogue although translated from a language I do not speak‚Ä¶,positive,this is perhaps the most intense and claustrophobic experience ive ever had the film grabs you and does not let go for a single second as you watch a dubious dispatcher stumble his way through a nightmare scenario what earns me the five stars is that it did not let up even at the very end it continues to get deeper and more complex while utilizing only one backdrop the dialogue although translated from a language i do not speak
The Guilty,highest,"So much better than the remake, Americans, stop doing stuff",positive,so much better than the remake americans stop doing stuff
The Guilty,highest,Alarm center police guy. Who is the actual guilty person. Thrilling. Holywood made a remake.,positive,alarm center police guy who is the actual guilty person thrilling holywood made a remake
The Guilty,highest,Had to watch this in preparation for acting class. Masterful suspense thriller. Doesn‚Äôt leave a moment to waste and you are on edge the whole time especially with the twists and turns that ensue throughout the duration of the picture.,positive,had to watch this in preparation for acting class masterful suspense thriller doesnt leave a moment to waste and you are on edge the whole time especially with the twists and turns that ensue throughout the duration of the picture
Calibre,lowest,"If I could give it negative stars I would, legit a waste of time",negative,if i could give it negative stars i would legit a waste of time
Calibre,lowest,"I watched, like, 10% of this movie, & then I fell asleep.",negative,i watched like of this movie then i fell asleep
Calibre,lowest,Why does this movie have 100% on rotten tomatoes.,negative,why does this movie have on rotten tomatoes
Calibre,lowest,"Honestly one of the worst films I‚Äôve ever watched. Predictable and boring,",negative,honestly one of the worst films ive ever watched predictable and boring
Calibre,lowest,Completely uninteresting and predictable movie with zero suspense. They tried too hard to make the film realistic to the point where it just wasn't interesting. At no point did I give even the slightest care about any character. Anyone saying this film was thrilling or anything short of completely fucking boring was paid off by netflix.,negative,completely uninteresting and predictable movie with zero suspense they tried too hard to make the film realistic to the point where it just wasnt interesting at no point did i give even the slightest care about any character anyone saying this film was thrilling or anything short of completely fucking boring was paid off by netflix
Calibre,lowest,Half star for the Scottish accent,negative,half star for the scottish accent
Calibre,lowest,What a shite movie. Honestly don‚Äôt even waste your time.,negative,what a shite movie honestly dont even waste your time
Calibre,lowest,"Too slow and dragging for my taste. I usually enjoy these types of films. The ones where 'unsuspecting city folk go to pokey, rural villages in the backend of nowhere and encounter unfriendly locals'. The first 20 minutes where mildly interesting, due to my enjoyment of the lighting and dark/warm colour scheme, highlighting the two friends relationship to each other. I could believe they were long time school friends off for their boys' get together.We witness two morally ambiguous‚Ä¶",negative,too slow and dragging for my taste i usually enjoy these types of films the ones where unsuspecting city folk go to pokey rural villages in the backend of nowhere and encounter unfriendly locals the first minutes where mildly interesting due to my enjoyment of the lighting and darkwarm colour scheme highlighting the two friends relationship to each other i could believe they were long time school friends off for their boys get togetherwe witness two morally ambiguous
Calibre,highest,"so tense, so well paced, things being revealed in the perfect order, totally harrowing and horrible. beautifully shot and scored. a gem",positive,so tense so well paced things being revealed in the perfect order totally harrowing and horrible beautifully shot and scored a gem
Calibre,highest,"Fantastic movie, never knew what was going to happen next! 10/10 recommend!!",positive,fantastic movie never knew what was going to happen next recommend
Calibre,highest,Intense! It‚Äôs your cup of tea if you like being disturbed. It is a smooth thriller and you are likely to end up depressed for the rest of the day.,positive,intense its your cup of tea if you like being disturbed it is a smooth thriller and you are likely to end up depressed for the rest of the day
Calibre,highest,"A rare gem on netflix!The relentless momentum kept me constantly on the edge of my seat that I had to press pause a couple times midway. The suspense is real!What was supposed to be a fun last trip of freedom turned into a bleak never-ending nightmare. It's a movie about choices and their consequences.Audiences were forced to be engaged in every turn, and yes, it's harrowing. It puts us in the heart and mind of the main‚Ä¶",positive,a rare gem on netflixthe relentless momentum kept me constantly on the edge of my seat that i had to press pause a couple times midway the suspense is realwhat was supposed to be a fun last trip of freedom turned into a bleak never-ending nightmare its a movie about choices and their consequencesaudiences were forced to be engaged in every turn and yes its harrowing it puts us in the heart and mind of the main
Calibre,highest,This film is so good #noscotlandnoparty,positive,this film is so good noscotlandnoparty
Calibre,highest,"If you want a really tense, 90ish minute movie and a lot of depth this is and ez recommend",positive,if you want a really tense ish minute movie and a lot of depth this is and ez recommend
Calibre,highest,Brits know how to make Indie thrillers. A must watch for no thrills thrillers.,positive,brits know how to make indie thrillers a must watch for no thrills thrillers
Calibre,highest,Pure anxiety all the way through AH,positive,pure anxiety all the way through ah
Calibre,highest,The way this film was not at all what I expected. Just kept me on edge throughout. Jack Lowden is the üêê,positive,the way this film was not at all what i expected just kept me on edge throughout jack lowden is the
Calibre,highest,"Amazing film omg just great all around. Great acting, great ending, great story just throughly entertaining. Makes you think what would u do in this situation",positive,amazing film omg just great all around great acting great ending great story just throughly entertaining makes you think what would u do in this situation
Calibre,highest,Sat on the edge of my seat start to finish,positive,sat on the edge of my seat start to finish
Calibre,highest,"So simple but deeply complex. What would you do? What should they have done? When did things go wrong? So many incredible ethical dilemmas to analyze.Plus we talk about what dinner scenes mean and symbolize.Also, I thought of a take so good, it might be one of my all time best.Desert of the Reel Podcast",positive,so simple but deeply complex what would you do what should they have done when did things go wrong so many incredible ethical dilemmas to analyzeplus we talk about what dinner scenes mean and symbolizealso i thought of a take so good it might be one of my all time bestdesert of the reel podcast
Calibre,highest,Amazing one!! That confession scene and the climax was so good. Loved it.,positive,amazing one that confession scene and the climax was so good loved it
Calibre,highest,An immensely gripping film that transports you to the Scottish Highlands and the drama that unfolds throughout the film. Gets better with every watch and is the perfect film to watch before a hike.,positive,an immensely gripping film that transports you to the scottish highlands and the drama that unfolds throughout the film gets better with every watch and is the perfect film to watch before a hike
Calibre,highest,What a series of bad decisions made by two intelligent men. Hard to watch. But I did and couldn‚Äôt turn away!,positive,what a series of bad decisions made by two intelligent men hard to watch but i did and couldnt turn away
Coherence,lowest,like watch it if you want but‚Ä¶.wow that shit is bogus,negative,like watch it if you want butwow that shit is bogus
Coherence,lowest,the night housebut make it for $1 with the worst actors you have ever seen in your lifethis was genuinely so awful i had to check the release date mid-watch because i becameconvincedthe only way you could put out something this cheap-looking and poorly crafted was because you were stuck in quarantine with a bunch of your actor friends and trying to pass the time. nope! made in 2013.,negative,the night housebut make it for with the worst actors you have ever seen in your lifethis was genuinely so awful i had to check the release date mid-watch because i becameconvincedthe only way you could put out something this cheap-looking and poorly crafted was because you were stuck in quarantine with a bunch of your actor friends and trying to pass the time nope made in
Coherence,lowest,if i could rate this a zero i would. i hated this movie to much it was so confusing i hate improv,negative,if i could rate this a zero i would i hated this movie to much it was so confusing i hate improv
Coherence,lowest,White peoples version ofUSbut lower budget.,negative,white peoples version ofusbut lower budget
Coherence,lowest,didnt finish. i did not care for the characters,negative,didnt finish i did not care for the characters
Coherence,lowest,Written and directed by Viihtube,negative,written and directed by viihtube
Coherence,lowest,i want to move to an alternate reality in which i didn‚Äôt waste time